Hall,Liam,hall@doctor.com,2013,150
Rivera,Olivia,rivera@doctor.com,2016,142
Campbell,Noah,campbell@doctor.com,2015,129
Mitchell,Emma,mitchell@doctor.com,2013,200
Carter,Oliver,carter@doctor.com,2012,203
Roberts,William,roberts@doctor.com,2016,150