Liam,Hall,hall@doctor.com,2013,150
Olivia,Rivera,rivera@doctor.com,2016,142
Noah,Campbell,campbell@doctor.com,2015,129
Emma,Mitchell,mitchell@doctor.com,2013,200
Oliver,Carter,carter@doctor.com,2012,203
William,Roberts,roberts@doctor.com,2016,150
